{
  "C:\\Users\\thiag\\OneDrive\\Área de Trabalho\\UCDB\\10° semestre\\TAC\\atv_serverless\\serverless-resize-image": {
    "versionSfCore": null,
    "versionFramework": "4.4.7",
    "isWithinCompose": false,
    "isCompose": false,
    "composeOrgName": null,
    "composeResolverProviders": {
      "default-aws-credential-resolver": "<REDACTED>"
    },
    "composeServiceName": null,
    "servicePath": "C:\\Users\\thiag\\OneDrive\\Área de Trabalho\\UCDB\\10° semestre\\TAC\\atv_serverless\\serverless-resize-image",
    "serviceConfigFileName": "serverless.yml",
    "service": {
      "org": "olszewskioc",
      "app": "resize-lambda",
      "service": "serverless-resize-image",
      "provider": {
        "name": "aws",
        "runtime": "nodejs20.x",
        "stage": "dev",
        "region": "us-east-1",
        "versionFunctions": true,
        "compiledCloudFormationTemplate": {
          "AWSTemplateFormatVersion": "2010-09-09",
          "Description": "The AWS CloudFormation template for this Serverless application",
          "Resources": {
            "ApiLogGroup": {
              "Type": "AWS::Logs::LogGroup",
              "Properties": {
                "LogGroupName": "/aws/lambda/serverless-resize-image-dev-api"
              }
            },
            "IamRoleLambdaExecution": {
              "Type": "AWS::IAM::Role",
              "Properties": {
                "AssumeRolePolicyDocument": {
                  "Version": "2012-10-17",
                  "Statement": [
                    {
                      "Effect": "Allow",
                      "Principal": {
                        "Service": [
                          "lambda.amazonaws.com"
                        ]
                      },
                      "Action": [
                        "sts:AssumeRole"
                      ]
                    }
                  ]
                },
                "Policies": [
                  {
                    "PolicyName": {
                      "Fn::Join": [
                        "-",
                        [
                          "serverless-resize-image",
                          "dev",
                          "lambda"
                        ]
                      ]
                    },
                    "PolicyDocument": {
                      "Version": "2012-10-17",
                      "Statement": [
                        {
                          "Effect": "Allow",
                          "Action": [
                            "logs:CreateLogStream",
                            "logs:CreateLogGroup",
                            "logs:TagResource"
                          ],
                          "Resource": [
                            {
                              "Fn::Sub": "arn:${AWS::Partition}:logs:${AWS::Region}:${AWS::AccountId}:log-group:/aws/lambda/serverless-resize-image-dev*:*"
                            }
                          ]
                        },
                        {
                          "Effect": "Allow",
                          "Action": [
                            "logs:PutLogEvents"
                          ],
                          "Resource": [
                            {
                              "Fn::Sub": "arn:${AWS::Partition}:logs:${AWS::Region}:${AWS::AccountId}:log-group:/aws/lambda/serverless-resize-image-dev*:*:*"
                            }
                          ]
                        }
                      ]
                    }
                  }
                ],
                "Path": "/",
                "RoleName": {
                  "Fn::Join": [
                    "-",
                    [
                      "serverless-resize-image",
                      "dev",
                      {
                        "Ref": "AWS::Region"
                      },
                      "lambdaRole"
                    ]
                  ]
                }
              }
            },
            "ApiLambdaFunction": {
              "Type": "AWS::Lambda::Function",
              "Properties": {
                "Code": {
                  "S3Bucket": "serverless-framework-deployments-us-east-1-e95feff1-85fc",
                  "S3Key": "serverless/serverless-resize-image/dev/1729816034607-2024-10-25T00:27:14.607Z/serverless-resize-image.zip"
                },
                "Handler": "handler.handler",
                "Runtime": "nodejs20.x",
                "FunctionName": "serverless-resize-image-dev-api",
                "MemorySize": 1024,
                "Timeout": 6,
                "Role": {
                  "Fn::GetAtt": [
                    "IamRoleLambdaExecution",
                    "Arn"
                  ]
                }
              },
              "DependsOn": [
                "ApiLogGroup"
              ]
            },
            "ApiLambdaVersionWlEOINrQToFOkPpUEVp2FUws9vnBRAHQgWLybEIHAY": {
              "Type": "AWS::Lambda::Version",
              "DeletionPolicy": "Retain",
              "Properties": {
                "FunctionName": {
                  "Ref": "ApiLambdaFunction"
                },
                "CodeSha256": "ZZcn8SJVFzX6Z7Qo5Odm/kTkYT0ssfdEN7M1s1+cMlc="
              }
            },
            "HttpApi": {
              "Type": "AWS::ApiGatewayV2::Api",
              "Properties": {
                "Name": "dev-serverless-resize-image",
                "ProtocolType": "HTTP"
              }
            },
            "HttpApiStage": {
              "Type": "AWS::ApiGatewayV2::Stage",
              "Properties": {
                "ApiId": {
                  "Ref": "HttpApi"
                },
                "StageName": "$default",
                "AutoDeploy": true,
                "DefaultRouteSettings": {
                  "DetailedMetricsEnabled": false
                }
              }
            },
            "ApiLambdaPermissionHttpApi": {
              "Type": "AWS::Lambda::Permission",
              "Properties": {
                "FunctionName": {
                  "Fn::GetAtt": [
                    "ApiLambdaFunction",
                    "Arn"
                  ]
                },
                "Action": "lambda:InvokeFunction",
                "Principal": "apigateway.amazonaws.com",
                "SourceArn": {
                  "Fn::Join": [
                    "",
                    [
                      "arn:",
                      {
                        "Ref": "AWS::Partition"
                      },
                      ":execute-api:",
                      {
                        "Ref": "AWS::Region"
                      },
                      ":",
                      {
                        "Ref": "AWS::AccountId"
                      },
                      ":",
                      {
                        "Ref": "HttpApi"
                      },
                      "/*"
                    ]
                  ]
                }
              }
            },
            "HttpApiIntegrationApi": {
              "Type": "AWS::ApiGatewayV2::Integration",
              "Properties": {
                "ApiId": {
                  "Ref": "HttpApi"
                },
                "IntegrationType": "AWS_PROXY",
                "IntegrationUri": {
                  "Fn::GetAtt": [
                    "ApiLambdaFunction",
                    "Arn"
                  ]
                },
                "PayloadFormatVersion": "2.0",
                "TimeoutInMillis": 30000
              }
            },
            "HttpApiRouteDefault": {
              "Type": "AWS::ApiGatewayV2::Route",
              "Properties": {
                "ApiId": {
                  "Ref": "HttpApi"
                },
                "RouteKey": "$default",
                "Target": {
                  "Fn::Join": [
                    "/",
                    [
                      "integrations",
                      {
                        "Ref": "HttpApiIntegrationApi"
                      }
                    ]
                  ]
                }
              },
              "DependsOn": "HttpApiIntegrationApi"
            }
          },
          "Outputs": {
            "ServerlessDeploymentBucketName": {
              "Value": "serverless-framework-deployments-us-east-1-e95feff1-85fc",
              "Export": {
                "Name": "sls-serverless-resize-image-dev-ServerlessDeploymentBucketName"
              }
            },
            "ApiLambdaFunctionQualifiedArn": {
              "Description": "Current Lambda function version",
              "Value": {
                "Ref": "ApiLambdaVersionWlEOINrQToFOkPpUEVp2FUws9vnBRAHQgWLybEIHAY"
              },
              "Export": {
                "Name": "sls-serverless-resize-image-dev-ApiLambdaFunctionQualifiedArn"
              }
            },
            "HttpApiId": {
              "Description": "Id of the HTTP API",
              "Value": {
                "Ref": "HttpApi"
              },
              "Export": {
                "Name": "sls-serverless-resize-image-dev-HttpApiId"
              }
            },
            "HttpApiUrl": {
              "Description": "URL of the HTTP API",
              "Value": {
                "Fn::Join": [
                  "",
                  [
                    "https://",
                    {
                      "Ref": "HttpApi"
                    },
                    ".execute-api.",
                    {
                      "Ref": "AWS::Region"
                    },
                    ".",
                    {
                      "Ref": "AWS::URLSuffix"
                    }
                  ]
                ]
              },
              "Export": {
                "Name": "sls-serverless-resize-image-dev-HttpApiUrl"
              }
            }
          }
        },
        "vpc": {}
      },
      "functions": {
        "api": {
          "handler": "handler.handler",
          "events": [
            {
              "httpApi": "*",
              "resolvedMethod": "ANY"
            }
          ],
          "name": "serverless-resize-image-dev-api",
          "package": {},
          "memory": 1024,
          "timeout": 6,
          "runtime": "nodejs20.x",
          "vpc": {},
          "versionLogicalId": "ApiLambdaVersionWlEOINrQToFOkPpUEVp2FUws9vnBRAHQgWLybEIHAY"
        }
      }
    },
    "serviceRawFile": "# \"org\" ensures this Service is used with the correct Serverless Framework Access Key.\norg: olszewskioc\n# \"app\" enables Serverless Framework Dashboard features and sharing them with other Services.\napp: resize-lambda\n# \"service\" is the name of this project. This will also be added to your AWS resource names.\nservice: serverless-resize-image\n\nprovider:\n  name: aws\n  runtime: nodejs20.x\n\nfunctions:\n  api:\n    handler: handler.handler\n    events:\n      - httpApi: \"*\"\n",
    "command": [
      "deploy"
    ],
    "options": {},
    "error": null,
    "params": {},
    "machineId": "57fda6495aa72ef2b25bb7828dfc701c",
    "stage": "dev",
    "accessKeyV2": "<REDACTED>",
    "accessKeyV1": "<REDACTED>",
    "orgId": "b6bab9dd-974f-490e-a455-27abf0b032a6",
    "orgName": "olszewskioc",
    "userId": "XzJtdkPh5ZLlYtNhwm",
    "dashboard": {
      "isEnabledForService": true,
      "requiredAuthentication": false,
      "orgFeaturesInUse": {
        "providers": true,
        "monitoring": false
      },
      "orgObservabilityIntegrations": null,
      "serviceAppId": "5YhGZMxqhWBS3NFMyn",
      "serviceProvider": {
        "accessKeyId": "<REDACTED>",
        "secretAccessKey": "<REDACTED>",
        "sessionToken": "<REDACTED>",
        "$source": {
          "CREDENTIALS_CODE": "<REDACTED>"
        }
      },
      "instanceParameters": null
    },
    "userName": "olszewskioc",
    "subscription": null,
    "userEmail": "thiago.olszewskioc@gmail.com",
    "serviceProviderAwsRegion": "us-east-1",
    "serviceProviderAwsCredentials": "<REDACTED>",
    "serviceProviderAwsAccountId": "976193219274",
    "projectType": "traditional",
    "versionSf": "4.4.7",
    "serviceProviderAwsCfStackName": "serverless-resize-image-dev",
    "integrations": {},
    "serviceUniqueId": "arn:aws:cloudformation:us-east-1:976193219274:stack/serverless-resize-image-dev/c4fd5c00-9267-11ef-8a8b-120c603cce89",
    "serviceProviderAwsCfStackId": "arn:aws:cloudformation:us-east-1:976193219274:stack/serverless-resize-image-dev/c4fd5c00-9267-11ef-8a8b-120c603cce89",
    "serviceProviderAwsCfStackCreated": "2024-10-25T00:26:25.700Z",
    "serviceProviderAwsCfStackUpdated": null,
    "serviceProviderAwsCfStackStatus": "CREATE_COMPLETE",
    "serviceProviderAwsCfStackOutputs": [
      {
        "OutputKey": "ApiLambdaFunctionQualifiedArn",
        "OutputValue": "arn:aws:lambda:us-east-1:976193219274:function:serverless-resize-image-dev-api:1",
        "Description": "Current Lambda function version",
        "ExportName": "sls-serverless-resize-image-dev-ApiLambdaFunctionQualifiedArn"
      },
      {
        "OutputKey": "HttpApiId",
        "OutputValue": "mb78e0dzt2",
        "Description": "Id of the HTTP API",
        "ExportName": "sls-serverless-resize-image-dev-HttpApiId"
      },
      {
        "OutputKey": "ServerlessDeploymentBucketName",
        "OutputValue": "serverless-framework-deployments-us-east-1-e95feff1-85fc",
        "ExportName": "sls-serverless-resize-image-dev-ServerlessDeploymentBucketName"
      },
      {
        "OutputKey": "HttpApiUrl",
        "OutputValue": "https://mb78e0dzt2.execute-api.us-east-1.amazonaws.com",
        "Description": "URL of the HTTP API",
        "ExportName": "sls-serverless-resize-image-dev-HttpApiUrl"
      }
    ]
  }
}