{
  "service": {
    "service": "serverless-resize-image",
    "serviceObject": {
      "name": "serverless-resize-image"
    },
    "provider": {
      "name": "aws",
      "runtime": "nodejs20.x",
      "stage": "dev",
      "region": "us-east-1",
      "versionFunctions": true,
      "compiledCloudFormationTemplate": {
        "AWSTemplateFormatVersion": "2010-09-09",
        "Description": "The AWS CloudFormation template for this Serverless application",
        "Resources": {
          "ApiLogGroup": {
            "Type": "AWS::Logs::LogGroup",
            "Properties": {
              "LogGroupName": "/aws/lambda/serverless-resize-image-dev-api"
            }
          },
          "IamRoleLambdaExecution": {
            "Type": "AWS::IAM::Role",
            "Properties": {
              "AssumeRolePolicyDocument": {
                "Version": "2012-10-17",
                "Statement": [
                  {
                    "Effect": "Allow",
                    "Principal": {
                      "Service": [
                        "lambda.amazonaws.com"
                      ]
                    },
                    "Action": [
                      "sts:AssumeRole"
                    ]
                  }
                ]
              },
              "Policies": [
                {
                  "PolicyName": {
                    "Fn::Join": [
                      "-",
                      [
                        "serverless-resize-image",
                        "dev",
                        "lambda"
                      ]
                    ]
                  },
                  "PolicyDocument": {
                    "Version": "2012-10-17",
                    "Statement": [
                      {
                        "Effect": "Allow",
                        "Action": [
                          "logs:CreateLogStream",
                          "logs:CreateLogGroup",
                          "logs:TagResource"
                        ],
                        "Resource": [
                          {
                            "Fn::Sub": "arn:${AWS::Partition}:logs:${AWS::Region}:${AWS::AccountId}:log-group:/aws/lambda/serverless-resize-image-dev*:*"
                          }
                        ]
                      },
                      {
                        "Effect": "Allow",
                        "Action": [
                          "logs:PutLogEvents"
                        ],
                        "Resource": [
                          {
                            "Fn::Sub": "arn:${AWS::Partition}:logs:${AWS::Region}:${AWS::AccountId}:log-group:/aws/lambda/serverless-resize-image-dev*:*:*"
                          }
                        ]
                      }
                    ]
                  }
                }
              ],
              "Path": "/",
              "RoleName": {
                "Fn::Join": [
                  "-",
                  [
                    "serverless-resize-image",
                    "dev",
                    {
                      "Ref": "AWS::Region"
                    },
                    "lambdaRole"
                  ]
                ]
              }
            }
          },
          "ApiLambdaFunction": {
            "Type": "AWS::Lambda::Function",
            "Properties": {
              "Code": {
                "S3Bucket": "serverless-framework-deployments-us-east-1-e95feff1-85fc",
                "S3Key": "serverless/serverless-resize-image/dev/1729816034607-2024-10-25T00:27:14.607Z/serverless-resize-image.zip"
              },
              "Handler": "handler.handler",
              "Runtime": "nodejs20.x",
              "FunctionName": "serverless-resize-image-dev-api",
              "MemorySize": 1024,
              "Timeout": 6,
              "Role": {
                "Fn::GetAtt": [
                  "IamRoleLambdaExecution",
                  "Arn"
                ]
              }
            },
            "DependsOn": [
              "ApiLogGroup"
            ]
          },
          "ApiLambdaVersionWlEOINrQToFOkPpUEVp2FUws9vnBRAHQgWLybEIHAY": {
            "Type": "AWS::Lambda::Version",
            "DeletionPolicy": "Retain",
            "Properties": {
              "FunctionName": {
                "Ref": "ApiLambdaFunction"
              },
              "CodeSha256": "ZZcn8SJVFzX6Z7Qo5Odm/kTkYT0ssfdEN7M1s1+cMlc="
            }
          },
          "HttpApi": {
            "Type": "AWS::ApiGatewayV2::Api",
            "Properties": {
              "Name": "dev-serverless-resize-image",
              "ProtocolType": "HTTP"
            }
          },
          "HttpApiStage": {
            "Type": "AWS::ApiGatewayV2::Stage",
            "Properties": {
              "ApiId": {
                "Ref": "HttpApi"
              },
              "StageName": "$default",
              "AutoDeploy": true,
              "DefaultRouteSettings": {
                "DetailedMetricsEnabled": false
              }
            }
          },
          "ApiLambdaPermissionHttpApi": {
            "Type": "AWS::Lambda::Permission",
            "Properties": {
              "FunctionName": {
                "Fn::GetAtt": [
                  "ApiLambdaFunction",
                  "Arn"
                ]
              },
              "Action": "lambda:InvokeFunction",
              "Principal": "apigateway.amazonaws.com",
              "SourceArn": {
                "Fn::Join": [
                  "",
                  [
                    "arn:",
                    {
                      "Ref": "AWS::Partition"
                    },
                    ":execute-api:",
                    {
                      "Ref": "AWS::Region"
                    },
                    ":",
                    {
                      "Ref": "AWS::AccountId"
                    },
                    ":",
                    {
                      "Ref": "HttpApi"
                    },
                    "/*"
                  ]
                ]
              }
            }
          },
          "HttpApiIntegrationApi": {
            "Type": "AWS::ApiGatewayV2::Integration",
            "Properties": {
              "ApiId": {
                "Ref": "HttpApi"
              },
              "IntegrationType": "AWS_PROXY",
              "IntegrationUri": {
                "$ref": "$[\"service\"][\"provider\"][\"compiledCloudFormationTemplate\"][\"Resources\"][\"ApiLambdaPermissionHttpApi\"][\"Properties\"][\"FunctionName\"]"
              },
              "PayloadFormatVersion": "2.0",
              "TimeoutInMillis": 30000
            }
          },
          "HttpApiRouteDefault": {
            "Type": "AWS::ApiGatewayV2::Route",
            "Properties": {
              "ApiId": {
                "Ref": "HttpApi"
              },
              "RouteKey": "$default",
              "Target": {
                "Fn::Join": [
                  "/",
                  [
                    "integrations",
                    {
                      "Ref": "HttpApiIntegrationApi"
                    }
                  ]
                ]
              }
            },
            "DependsOn": "HttpApiIntegrationApi"
          }
        },
        "Outputs": {
          "ServerlessDeploymentBucketName": {
            "Value": "serverless-framework-deployments-us-east-1-e95feff1-85fc",
            "Export": {
              "Name": "sls-serverless-resize-image-dev-ServerlessDeploymentBucketName"
            }
          },
          "ApiLambdaFunctionQualifiedArn": {
            "Description": "Current Lambda function version",
            "Value": {
              "Ref": "ApiLambdaVersionWlEOINrQToFOkPpUEVp2FUws9vnBRAHQgWLybEIHAY"
            },
            "Export": {
              "Name": "sls-serverless-resize-image-dev-ApiLambdaFunctionQualifiedArn"
            }
          },
          "HttpApiId": {
            "Description": "Id of the HTTP API",
            "Value": {
              "Ref": "HttpApi"
            },
            "Export": {
              "Name": "sls-serverless-resize-image-dev-HttpApiId"
            }
          },
          "HttpApiUrl": {
            "Description": "URL of the HTTP API",
            "Value": {
              "Fn::Join": [
                "",
                [
                  "https://",
                  {
                    "Ref": "HttpApi"
                  },
                  ".execute-api.",
                  {
                    "Ref": "AWS::Region"
                  },
                  ".",
                  {
                    "Ref": "AWS::URLSuffix"
                  }
                ]
              ]
            },
            "Export": {
              "Name": "sls-serverless-resize-image-dev-HttpApiUrl"
            }
          }
        }
      },
      "vpc": {}
    },
    "pluginsData": {},
    "functions": {
      "api": {
        "handler": "handler.handler",
        "events": [
          {
            "httpApi": "*",
            "resolvedMethod": "ANY"
          }
        ],
        "name": "serverless-resize-image-dev-api",
        "package": {},
        "memory": 1024,
        "timeout": 6,
        "runtime": "nodejs20.x",
        "vpc": {},
        "versionLogicalId": "ApiLambdaVersionWlEOINrQToFOkPpUEVp2FUws9vnBRAHQgWLybEIHAY"
      }
    },
    "configValidationMode": "warn",
    "serviceFilename": "serverless.yml",
    "initialServerlessConfig": {
      "org": "olszewskioc",
      "app": "resize-lambda",
      "service": "serverless-resize-image",
      "provider": {
        "$ref": "$[\"service\"][\"provider\"]"
      },
      "functions": {
        "$ref": "$[\"service\"][\"functions\"]"
      }
    },
    "app": "resize-lambda",
    "appId": null,
    "org": "olszewskioc",
    "orgId": null,
    "layers": {},
    "artifact": "C:\\Users\\thiag\\OneDrive\\Área de Trabalho\\UCDB\\10° semestre\\TAC\\atv_serverless\\serverless-resize-image\\.serverless\\serverless-resize-image.zip"
  },
  "package": {
    "artifactDirectoryName": "serverless/serverless-resize-image/dev/1729816034607-2024-10-25T00:27:14.607Z",
    "artifact": "serverless-resize-image.zip"
  }
}